175917,1540693665259,1540693841176,
38845,1540693841176,1540693880021,
172063,1540693880021,1540694052084,
171919,1540694052084,1540694224003,
171960,1540694224003,1540694395963,
172374,1540694395963,1540694568337,
171880,1540694568337,1540694740217,
172513,1540694740217,1540694912730,
171707,1540694912730,1540695084437,
171163,1540695084437,1540695255600,
203319,1540695255600,1540695458919,
225025,1540695458919,1540695683944,
228749,1540695683944,1540695912693,
222933,1540695912693,1540696135626,
224890,1540696135626,1540696360516,
227666,1540696360516,1540696588182,
231383,1540696588182,1540696819565,
226401,1540696819565,1540697045966,
231236,1540697045966,1540697277202,
227279,1540697277202,1540697504481,
226956,1540697504481,1540697731437,
225537,1540697731437,1540697956974,
231030,1540697956974,1540698188004,
222495,1540698188004,1540698410499,
214099,1540698410499,1540698624598,
221971,1540698624598,1540698846569,
201345,1540698846569,1540699047914,
189509,1540699047914,1540699237423,
193635,1540699237423,1540699431058,
213637,1540699431058,1540699644695,
189782,1540699644695,1540699834477,
208339,1540699834477,1540700042816,
210841,1540700042816,1540700253657,
187755,1540700253657,1540700441412,
188258,1540700441412,1540700629670,
188411,1540700629670,1540700818081,
202821,1540700818081,1540701020902,
202374,1540701020902,1540701223276,
198751,1540701223276,1540701422027,
206177,1540701422027,1540701628204,
195391,1540701628204,1540701823595,
191936,1540701823595,1540702015531,
199079,1540702015531,1540702214610,
198923,1540702214610,1540702413533,
210374,1540702413533,1540702623907,
197055,1540702623907,1540702820962,
195261,1540702820962,1540703016223,
205951,1540703016223,1540703222174,
185131,1540703222174,1540703407305,
190366,1540703407305,1540703597671,
187554,1540703597671,1540703785225,
181303,1540703785225,1540703966528,
183816,1540703966528,1540704150344,
189920,1540704150344,1540704340264,
196569,1540704340264,1540704536833,
183031,1540704536833,1540704719864,
178455,1540704719864,1540704898319,
179394,1540704898319,1540705077713,
195168,1540705077714,1540705272882,
215799,1540705272882,1540705488681,
194580,1540705488681,1540705683261,
192105,1540705683261,1540705875366,
175453,1540705875366,1540706050819,
172117,1540706050819,1540706222936,
180051,1540706222936,1540706402987,
190941,1540706402987,1540706593928,
191071,1540706593928,1540706784999,
181711,1540706784999,1540706966710,
173775,1540706966710,1540707140485,
179107,1540707140485,1540707319592,
174433,1540707319592,1540707494025,
173609,1540707494025,1540707667634,
174086,1540707667634,1540707841720,
175584,1540707841720,1540708017304,
176458,1540708017304,1540708193762,
173363,1540708193762,1540708367125,
173460,1540708367125,1540708540585,
173674,1540708540585,1540708714259,
173769,1540708714259,1540708888028,
173587,1540708888028,1540709061615,
173469,1540709061615,1540709235084,
173554,1540709235084,1540709408638,
173430,1540709408638,1540709582068,
176698,1540709582068,1540709758766,
175034,1540709758766,1540709933800,
173220,1540709933800,1540710107020,
173224,1540710107021,1540710280245,
174449,1540710280245,1540710454694,
173491,1540710454694,1540710628185,
173308,1540710628185,1540710801493,
173510,1540710801493,1540710975003,
173653,1540710975003,1540711148656,
173103,1540711148656,1540711321759,
173076,1540711321759,1540711494835,
174548,1540711494835,1540711669383,
176290,1540711669383,1540711845673,
173881,1540711845673,1540712019554,
172110,1540712019554,1540712191664,
171447,1540712191664,1540712363111,
171262,1540712363111,1540712534373,
